epoch,time,train/box_loss,train/cls_loss,train/dfl_loss,metrics/precision(B),metrics/recall(B),metrics/mAP50(B),metrics/mAP50-95(B),val/box_loss,val/cls_loss,val/dfl_loss,lr/pg0,lr/pg1,lr/pg2
1,6.37738,1.09318,0.92175,1.22836,0.91374,0.54598,0.72233,0.44476,1.52456,1.65951,1.59831,2e-05,2e-05,0.09802
2,11.5259,1.10474,1.09188,1.27663,0.51152,0.50772,0.48773,0.23346,1.84206,1.95266,1.90989,4.83333e-05,4.83333e-05,0.0950483
3,16.5522,1.08697,0.93429,1.28112,0.26201,0.40602,0.17993,0.05939,2.03972,2.78453,2.25725,7.46667e-05,7.46667e-05,0.0920747
4,21.5703,1.05668,1.03039,1.25515,0.11422,0.25564,0.05074,0.01723,2.02871,4.08847,2.52764,9.90001e-05,9.90001e-05,0.089099
5,26.7084,1.01945,0.86992,1.198,0.04996,0.07895,0.0262,0.00884,2.14552,4.36521,2.65514,0.000121334,0.000121334,0.0861213
6,31.4334,1.0084,0.8678,1.293,0.03463,0.07895,0.01949,0.00776,2.59965,4.08621,2.98173,0.000141667,0.000141667,0.0831417
7,36.501,1.02417,0.81401,1.24726,0.05025,0.07895,0.02422,0.00972,2.6605,3.79796,3.03305,0.00016,0.00016,0.08016
8,41.4945,1.04196,0.86145,1.21194,0.10842,0.1448,0.04496,0.01248,2.65898,3.4539,3.04461,0.000176334,0.000176334,0.0771763
9,46.4384,1.00412,0.81242,1.2346,0.27955,0.27444,0.13708,0.03732,2.49013,3.01792,2.74279,0.000190667,0.000190667,0.0741907
